{"cameraMode":{"drawMode":0,"name":"Shaded","section":"Shading Mode"},"sceneLighting":true,"audioPlay":false,"sceneViewState":{"showFog":true,"showMaterialUpdate":false,"showSkybox":true,"showFlares":true,"showImageEffects":true,"showParticleSystems":true},"in2DMode":false,"pivot":{"x":-5.856060028076172,"y":-7.889222145080566,"z":-10.378475189208985},"rotation":{"x":-0.035220373421907428,"y":0.9635101556777954,"z":-0.16074484586715699,"w":-0.21111322939395905},"size":68.11009216308594,"orthographic":false}